"0","1","0","0","10","306.79","true","1992-01-16 20:38:58"
"1","0","6","4","6","332.44","true","2003-05-14 23:04:50"
"2","0","0","4","10","358.59","false","1978-06-18 02:01:39"
"3","4","2","1","10","490.49","false","1978-04-10 04:49:56"
"4","4","9","1","5","19.50","false","2021-06-27 19:09:22"
"5","1","3","2","0","404.80","true","1972-09-20 17:24:07"
"6","3","2","0","3","483.66","true","1976-05-12 08:44:08"
"7","4","6","4","1","215.64","false","1979-12-01 03:43:19"
"8","3","4","3","6","472.10","true","1974-04-13 22:55:57"
"9","0","3","1","6","375.03","false","2016-09-17 00:20:52"
"10","3","0","3","1","470.41","false","1993-12-27 12:14:43"
"11","0","0","2","5","354.03","false","1982-02-08 22:03:12"
"12","0","9","1","9","419.46","true","1979-10-02 12:29:48"
"13","1","0","1","0","337.86","true","1989-12-16 02:10:03"
"14","2","6","0","2","477.77","true","1982-09-22 16:53:46"
"15","3","0","3","2","176.90","false","1971-11-26 08:36:53"
"16","1","2","2","8","242.37","false","2013-04-10 18:29:48"
"17","2","1","4","2","41.13","false","1995-08-18 04:02:51"
"18","1","1","1","3","161.65","true","2021-05-15 02:35:03"
"19","1","2","2","2","214.84","true","2010-11-30 02:40:20"
"20","0","3","0","6","359.09","true","1990-05-17 07:05:59"
"21","4","3","1","10","302.54","false","1994-02-16 17:44:03"
"22","0","1","3","6","323.47","true","1997-10-22 11:02:10"
"23","0","3","2","4","225.26","false","2002-01-16 23:21:51"
"24","0","1","0","7","141.14","true","1997-02-19 15:41:33"
"25","1","9","3","7","221.22","true","1993-03-01 09:17:32"
"26","4","1","2","7","236.80","true","2021-05-19 11:57:59"
"27","1","2","0","9","425.89","false","2001-06-10 08:12:21"
"28","0","1","2","8","58.98","false","2011-06-15 18:24:40"
"29","1","3","3","3","47.86","false","2007-01-01 18:01:57"
"30","3","2","0","0","61.34","true","1987-06-18 05:26:19"
"31","3","4","4","1","363.50","false","2020-10-20 14:59:15"
"32","2","2","2","9","446.96","true","1975-10-21 03:07:00"
"33","0","0","2","1","156.68","false","2006-01-29 19:55:52"
"34","1","9","1","4","34.53","false","2005-05-17 13:07:27"
"35","1","4","4","6","321.26","true","2013-03-08 22:04:27"
"36","4","3","2","9","149.56","false","2012-10-16 04:19:06"
"37","1","1","0","6","356.15","false","2010-03-22 22:30:06"
"38","3","1","4","10","342.38","false","2002-03-02 03:59:44"
"39","3","1","3","7","250.88","false","2014-05-16 21:38:40"
"40","0","3","2","0","73.95","false","2012-04-08 13:45:18"
"41","1","0","2","8","241.50","true","1974-07-10 19:02:25"
"42","0","6","3","1","3.46","true","2012-04-01 23:26:27"
"43","0","2","2","9","372.29","true","1989-08-05 09:25:17"
"44","1","0","3","6","235.91","false","1981-06-14 00:15:18"
"45","2","3","3","8","75.57","true","1991-07-06 00:06:42"
"46","1","1","1","6","227.44","false","2003-06-24 16:41:25"
"47","3","6","1","3","407.25","false","2009-11-30 06:55:30"
"48","0","3","0","2","119.81","true","1994-09-29 13:54:42"
"49","0","6","1","9","119.78","false","1975-11-24 04:36:09"
"50","4","9","2","7","394.45","false","1973-09-02 16:28:29"
"51","4","6","4","9","476.94","false","2000-12-08 04:52:22"
"52","3","2","3","0","110.43","false","1972-12-24 20:02:46"
"53","0","1","2","2","1.37","true","1974-05-03 00:39:15"
"54","3","6","1","8","496.77","false","1985-01-14 07:30:02"
"55","3","1","2","5","311.13","true","1991-12-23 10:38:23"
"56","4","3","2","3","130.03","true","1995-02-03 04:34:43"
"57","0","1","4","4","177.24","true","2015-10-11 06:01:06"
"58","2","2","4","7","440.49","false","1993-05-28 16:25:34"
"59","1","0","2","0","478.70","true","2001-05-14 12:05:12"
"60","3","6","3","7","24.52","false","1999-12-13 23:00:34"
"61","0","0","0","6","123.12","true","1984-07-11 17:44:35"
"62","3","4","0","0","418.54","false","1982-04-11 14:27:59"
"63","1","3","1","5","65.35","false","1999-08-05 02:21:48"
"64","0","4","2","4","312.69","true","2000-01-24 14:12:08"
"65","4","4","3","4","274.81","false","1985-10-10 02:51:27"
"66","0","0","4","2","401.91","true","2019-11-15 22:56:01"
"67","3","1","1","8","145.94","true","2005-01-24 10:19:09"
"68","3","9","0","1","62.49","false","2020-03-04 06:39:29"
"69","4","2","1","3","345.91","false","2020-05-07 13:23:39"
"70","1","0","4","3","157.86","false","1995-05-25 20:37:58"
"71","3","2","4","8","87.17","true","2004-05-10 02:34:53"
"72","2","2","4","6","325.03","true","1980-07-25 14:08:00"
"73","1","4","0","7","69.97","true","2008-10-02 22:48:47"
"74","1","1","1","5","417.29","false","2011-05-30 07:50:25"
"75","4","1","3","8","461.13","true","2010-07-26 18:46:48"
"76","2","3","3","8","158.01","true","2014-06-03 12:32:55"
"77","1","6","3","8","414.94","false","1991-05-14 02:41:17"
"78","0","2","1","5","309.51","true","1989-11-07 22:36:57"
"79","3","0","1","5","19.40","true","2000-01-09 23:07:41"
"80","1","2","2","0","343.20","false","1994-04-02 07:46:18"
"81","4","4","0","5","374.80","true","1971-07-01 11:52:48"
"82","3","6","0","0","12.30","true","1985-05-13 16:22:28"
"83","2","0","0","2","176.84","false","1984-09-25 17:45:55"
"84","3","3","1","10","183.39","true","1992-05-17 16:42:08"
"85","3","3","0","0","209.33","false","2008-06-06 09:39:00"
"86","0","3","3","9","87.00","true","2015-01-18 12:23:20"
"87","4","9","1","2","40.42","true","1986-10-18 02:30:44"
"88","0","9","1","1","380.87","true","1999-01-26 13:10:00"
"89","4","0","4","9","321.58","true","2010-12-19 01:02:35"
"90","0","2","2","0","412.94","false","2012-08-01 10:51:58"
"91","0","3","0","7","183.37","true","1986-01-26 10:01:48"
"92","4","2","1","5","376.96","false","1988-05-12 21:40:59"
"93","3","3","0","8","159.67","false","2001-11-29 00:12:15"
"94","0","9","4","10","292.70","false","1972-08-09 23:20:52"
"95","3","3","0","0","206.44","false","1971-05-30 02:20:59"
"96","2","6","0","10","130.87","false","2021-11-10 15:14:50"
"97","1","9","4","4","264.43","false","1984-03-21 23:18:10"
"98","0","4","2","2","412.31","false","1980-06-01 05:20:27"
"99","2","9","0","5","299.06","true","1994-09-19 05:06:32"
"100","2","6","2","9","165.63","false","1999-05-01 16:52:10"
"101","1","0","1","2","291.05","false","1993-03-25 04:54:43"
"102","0","6","3","9","465.85","false","1982-10-09 04:19:15"
"103","0","4","3","1","142.22","true","2014-11-02 02:20:40"
"104","1","4","0","6","482.64","false","1988-02-01 11:08:22"
"105","2","2","0","4","219.99","false","2006-08-08 20:13:30"
"106","4","4","2","2","175.24","false","1970-05-28 07:55:45"
"107","4","1","4","0","196.46","false","2008-03-20 14:38:33"
"108","3","6","4","0","408.97","true","1994-08-26 02:05:37"
"109","4","1","1","0","323.45","false","2019-09-28 02:19:39"
"110","1","4","1","1","140.23","false","2009-01-01 11:40:08"
"111","3","1","3","3","442.65","true","1981-03-12 07:43:05"
"112","3","0","3","4","324.50","false","1999-10-03 01:50:26"
"113","2","4","2","7","46.39","true","1970-09-30 15:33:20"
"114","2","1","3","0","197.55","false","2009-08-26 19:39:28"
"115","3","2","4","5","64.72","false","1971-08-28 00:16:41"
"116","3","3","4","9","69.05","true","1993-08-23 12:21:28"
"117","2","0","0","10","97.91","true","2006-10-16 05:33:32"
"118","3","0","2","6","475.03","false","1978-07-11 14:50:45"
"119","2","3","1","4","304.18","false","2004-10-22 04:52:22"
"120","0","1","1","10","457.17","false","2018-09-29 01:55:27"
"121","0","6","4","2","22.71","false","1993-06-16 12:34:26"
"122","4","9","0","4","41.71","true","1983-09-20 21:46:34"
"123","2","2","2","2","400.33","false","2021-06-29 04:36:21"
"124","3","4","1","10","19.80","true","2004-11-09 08:34:16"
"125","0","9","2","10","418.09","true","2001-01-25 13:10:53"
"126","4","1","3","10","267.20","false","1979-03-07 08:49:17"
"127","3","9","4","8","29.69","true","1993-05-14 19:49:17"
"128","0","9","0","9","53.54","false","2000-09-24 02:20:33"
"129","2","9","3","2","262.46","true","1991-07-26 09:09:40"
"130","0","1","1","0","9.43","true","1998-02-28 22:57:42"
"131","0","6","2","9","407.49","true","2022-03-26 13:47:51"
"132","1","2","0","5","209.06","false","2011-02-11 00:38:16"
"133","4","9","2","6","344.39","false","1982-04-18 11:38:02"
"134","0","3","2","5","97.49","true","1976-07-21 16:18:18"
"135","0","0","2","9","10.22","false","2016-12-29 06:12:39"
"136","0","2","3","7","404.70","false","1975-06-23 14:33:17"
"137","0","4","3","10","404.33","true","2005-02-07 21:28:37"
"138","0","9","0","7","170.45","true","1972-04-01 21:38:59"
"139","1","4","2","6","491.04","true","1992-12-24 08:33:39"
"140","1","4","1","10","82.22","true","2016-04-06 10:35:41"
"141","1","4","2","10","484.03","false","2016-03-02 19:29:38"
"142","3","0","1","5","123.81","false","1981-07-27 18:54:02"
"143","1","2","1","5","83.53","false","2008-06-22 14:46:11"
"144","1","3","4","9","394.01","true","1970-05-21 02:40:14"
"145","3","6","1","5","76.02","true","2004-09-17 07:19:12"
"146","0","0","0","2","397.14","true","2015-11-03 04:38:10"
"147","3","9","0","3","214.55","false","1979-05-19 19:17:47"
"148","2","4","1","2","273.51","true","1997-09-30 21:24:34"
"149","4","6","2","6","494.12","false","1986-09-19 13:12:20"
"150","3","3","1","10","469.50","true","2002-09-29 20:51:46"
"151","3","4","0","8","427.32","false","1995-04-21 01:19:32"
"152","4","0","4","3","313.99","false","1988-10-20 00:32:42"
"153","0","4","2","8","444.50","true","1973-04-25 21:13:32"
"154","1","6","3","6","13.98","false","1999-06-19 04:40:50"
"155","0","6","3","2","309.59","true","1993-03-04 01:38:49"
"156","3","3","1","5","302.36","true","1993-07-04 11:31:44"
"157","1","6","2","3","392.60","true","1987-07-14 11:40:46"
"158","1","6","4","10","166.37","false","1972-10-27 13:21:18"
"159","2","4","3","4","17.87","false","1995-07-13 17:04:47"
"160","1","2","1","2","67.14","false","1972-02-16 02:55:35"
"161","3","4","3","6","237.09","true","2007-01-30 21:21:01"
"162","4","1","1","3","78.26","true","1972-01-09 18:09:54"
"163","4","1","3","5","182.79","false","2016-07-23 16:47:28"
"164","0","9","3","5","395.33","true","2012-09-25 10:24:52"
"165","4","2","4","8","355.18","false","1990-10-09 20:09:31"
"166","1","3","2","6","199.60","false","1997-08-25 14:33:35"
"167","0","6","1","10","75.00","true","2017-07-03 15:22:40"
"168","1","4","4","9","262.14","false","1981-06-23 12:02:53"
"169","3","0","0","7","5.14","false","1991-08-31 17:22:07"
"170","0","6","3","10","188.74","false","2003-02-09 19:19:16"
"171","1","1","4","0","282.09","true","2013-10-09 02:36:35"
"172","1","4","3","7","311.84","true","2018-03-10 16:55:21"
"173","3","2","0","2","300.17","false","2000-01-04 04:29:36"
"174","4","0","3","5","475.11","false","1985-11-11 14:54:40"
"175","4","9","3","4","20.61","true","2004-07-14 23:40:34"
"176","3","4","3","3","242.33","true","2006-10-25 15:25:11"
"177","2","1","2","7","436.77","true","1974-09-08 03:00:50"
"178","0","3","3","4","289.52","true","2002-10-27 10:20:41"
"179","1","9","0","1","151.18","false","1979-06-08 18:04:56"
"180","0","9","1","0","300.71","true","1972-04-01 19:11:17"
"181","3","4","4","7","251.91","true","2008-01-29 14:04:42"
"182","2","9","2","3","446.12","true","1985-06-04 10:09:31"
"183","3","9","2","7","140.28","true","1994-02-24 05:18:14"
"184","4","2","0","3","39.39","false","2020-04-15 02:13:26"
"185","2","3","1","7","118.36","true","2014-11-30 12:15:26"
"186","2","2","3","6","313.16","true","1994-03-01 00:55:52"
"187","4","9","3","10","117.83","false","1994-05-31 19:24:19"
"188","3","2","2","1","498.51","false","2002-08-24 16:35:50"
"189","2","0","3","2","78.44","true","1993-01-03 09:53:35"
"190","3","1","0","7","348.49","false","2004-12-11 23:16:36"
"191","3","4","4","8","112.86","false","1991-03-07 01:20:44"
"192","3","1","2","1","265.87","true","2002-02-07 19:25:47"
"193","2","3","1","9","420.55","true","1972-10-02 01:00:01"
"194","3","0","2","2","102.92","false","1977-09-12 07:40:38"
"195","1","9","2","0","14.29","true","1996-01-16 08:39:23"
"196","4","0","1","1","59.77","true","2020-06-06 04:13:45"
"197","3","1","0","1","266.79","false","2006-07-16 12:17:47"
"198","1","1","1","7","475.53","false","1970-01-10 04:37:19"
"199","3","1","3","9","499.97","true","1988-04-29 22:15:53"
"200","0","4","2","10","360.47","false","2000-11-21 01:12:24"
"201","1","4","4","1","47.32","true","1988-07-27 05:58:17"
"202","0","6","1","6","317.98","true","1984-02-04 05:16:39"
"203","4","6","2","8","103.53","true","1977-03-07 23:23:29"
"204","3","0","4","2","457.57","false","2000-12-15 15:58:47"
"205","4","2","1","1","213.32","false","2008-06-12 17:27:12"
"206","4","2","1","7","232.31","false","1997-12-02 14:40:43"
"207","0","3","0","3","282.51","false","1999-03-25 00:07:29"
"208","1","2","3","7","243.18","true","1989-04-17 23:02:22"
"209","2","6","3","3","306.19","true","1990-05-30 03:09:50"
"210","4","6","0","5","484.07","true","1972-06-30 19:16:40"
"211","2","9","4","6","412.20","false","2016-02-15 07:56:24"
"212","1","3","3","0","98.21","false","1993-01-24 23:45:42"
"213","4","1","2","2","93.66","false","2013-02-10 18:16:44"
"214","4","3","4","0","475.27","false","1986-07-15 00:21:46"
"215","3","4","2","0","284.93","true","1972-12-18 05:49:22"
"216","0","1","1","10","226.86","true","2016-07-31 20:17:44"
"217","0","9","4","10","217.82","false","1993-01-04 18:02:14"
"218","3","6","1","7","83.47","false","1996-08-05 19:52:38"
"219","3","6","2","2","433.59","true","1984-12-15 12:24:11"
"220","0","9","1","8","488.50","false","1984-04-17 01:47:54"
"221","2","6","0","1","10.51","true","1998-01-22 16:39:57"
"222","4","4","3","10","276.26","true","1979-04-13 18:45:12"
"223","4","6","3","1","158.48","true","2011-02-28 12:56:33"
"224","3","9","0","4","104.53","false","1975-09-12 16:53:06"
"225","0","9","1","2","314.03","false","2001-09-11 07:47:52"
"226","2","0","4","6","228.35","true","1996-02-19 21:29:10"
"227","4","2","1","1","421.75","false","1972-12-29 20:43:59"
"228","1","2","4","8","288.62","true","2002-08-17 13:28:37"
"229","3","2","3","6","373.03","true","2011-04-26 22:06:12"
"230","1","9","1","6","453.03","true","1986-11-14 02:16:02"
"231","0","6","2","5","135.49","true","1989-11-05 11:50:03"
"232","2","4","1","5","381.69","true","2005-01-27 03:17:15"
"233","4","0","1","10","464.63","true","1987-07-20 02:16:28"
"234","2","1","2","1","50.78","false","1987-02-12 15:30:26"
"235","4","0","4","7","38.75","true","1972-05-11 10:57:16"
"236","4","9","1","2","177.12","true","2017-03-16 14:44:24"
"237","1","3","1","5","311.89","false","1980-10-01 03:45:28"
"238","2","6","2","3","498.70","true","2001-09-10 18:44:13"
"239","2","1","2","1","287.85","true","2014-12-07 12:33:33"
"240","2","2","2","4","17.10","true","1977-10-20 20:37:58"
"241","1","6","2","7","103.65","false","1976-01-19 19:58:13"
"242","3","4","4","1","425.52","true","2010-05-24 06:38:42"
"243","3","2","1","10","151.30","false","2017-07-20 02:25:52"
"244","2","0","0","1","427.01","false","2014-12-30 10:39:39"
"245","2","2","4","3","334.36","true","2017-02-10 15:05:11"
"246","4","1","2","6","305.07","false","1989-02-11 05:05:25"
"247","4","1","2","7","486.40","false","2018-03-14 01:21:20"
"248","0","3","2","3","86.66","true","2018-01-21 21:05:37"
"249","3","3","0","1","122.10","false","1982-06-06 00:04:08"
"250","1","3","0","8","457.96","false","1998-03-02 15:43:28"
"251","0","4","1","6","255.36","false","1999-05-14 02:25:48"
"252","3","6","0","3","84.90","false","1986-12-17 07:50:56"
"253","1","1","2","8","403.18","true","1987-01-15 17:07:17"
"254","4","0","1","2","119.92","false","1986-07-24 10:55:45"
"255","4","1","4","8","348.21","true","1990-05-17 07:13:04"
"256","0","6","3","6","404.25","true","1981-06-02 22:27:29"
"257","3","4","3","1","108.49","false","1978-08-17 22:06:43"
"258","0","4","0","3","460.10","true","2020-09-29 09:15:18"
"259","3","3","2","4","211.44","false","2019-06-02 16:39:28"
"260","0","9","1","0","300.31","true","2021-10-29 19:46:02"
"261","0","4","0","7","354.57","true","2018-04-29 14:48:40"
"262","1","4","4","5","148.01","true","2015-05-19 14:34:53"
"263","2","2","2","2","256.82","false","1971-07-14 06:58:10"
"264","3","9","1","7","311.50","false","1990-07-06 19:51:25"
"265","3","1","3","5","419.37","false","2013-05-29 02:21:19"
"266","4","3","3","10","296.51","false","2021-07-10 23:01:44"
"267","4","9","1","4","96.55","true","2005-01-01 18:27:56"
"268","1","4","1","5","413.76","false","1987-08-16 20:07:51"
"269","3","2","3","3","464.83","true","1987-06-28 13:36:58"
"270","3","6","0","4","9.25","true","1970-01-27 02:00:40"
"271","1","1","4","9","88.84","false","1988-03-20 01:55:31"
"272","0","6","0","4","10.77","true","1986-01-26 05:15:33"
"273","3","9","3","1","378.46","false","2009-08-11 13:23:54"
"274","3","9","0","0","358.03","true","2010-05-31 20:05:13"
"275","4","2","2","3","378.26","false","1991-09-23 10:58:40"
"276","1","9","1","9","254.84","true","2010-03-31 14:48:01"
"277","4","3","4","0","321.29","true","1999-09-06 04:16:08"
"278","4","0","1","4","257.10","false","1992-07-29 12:22:53"
"279","4","1","0","10","173.17","false","2020-11-01 09:26:03"
"280","2","3","3","10","311.42","false","1975-04-21 05:24:53"
"281","3","9","1","8","459.13","false","2018-08-24 02:02:53"
"282","3","4","3","9","215.85","true","1998-07-11 05:15:27"
"283","1","6","0","2","299.98","true","2020-10-25 17:13:05"
"284","3","2","0","4","350.97","false","1988-10-16 02:36:08"
"285","0","6","2","0","260.68","true","1972-10-13 12:33:19"
"286","4","0","1","6","454.15","false","2002-10-03 14:12:20"
"287","0","2","1","10","43.89","false","2009-06-01 05:42:33"
"288","1","0","1","9","211.03","true","1997-03-06 23:39:01"
"289","1","4","2","7","208.51","true","2006-11-29 10:04:52"
"290","1","4","1","1","329.26","true","2009-03-27 06:10:51"
"291","3","2","2","10","129.27","false","1970-08-12 12:49:51"
"292","0","4","0","2","448.01","false","1979-08-02 20:00:32"
"293","4","1","0","5","488.42","true","1979-11-22 23:03:48"
"294","2","4","0","4","44.47","true","2000-09-11 05:53:41"
"295","2","6","3","1","240.68","true","1991-06-22 11:51:04"
"296","3","3","3","8","277.61","false","1975-01-14 23:10:08"
"297","1","1","3","2","424.65","false","1974-10-18 11:12:23"
"298","1","1","0","10","196.82","true","1974-08-20 23:36:19"
"299","4","2","4","6","154.45","false","2010-04-02 04:30:53"
"300","2","6","4","3","238.65","false","2004-03-04 15:58:09"
"301","0","6","3","8","400.46","false","1970-06-21 09:03:04"
"302","1","4","0","6","243.14","false","2022-03-02 13:49:26"
"303","4","1","4","0","12.66","true","2008-10-13 01:34:21"
"304","2","0","2","7","92.43","false","2002-11-17 12:48:38"
"305","3","0","1","5","335.83","false","2016-07-04 10:24:19"
"306","1","0","3","6","269.84","true","2017-04-26 20:27:19"
"307","2","6","4","7","247.27","true","2012-05-26 16:01:21"
"308","4","9","1","9","313.56","false","1992-04-21 13:10:27"
"309","3","4","1","3","262.54","false","1995-02-01 10:46:29"
"310","3","2","1","8","108.32","true","2009-12-15 19:09:35"
"311","2","3","1","5","306.43","true","1986-07-30 02:06:57"
"312","1","9","2","7","281.22","true","2002-08-27 01:37:04"
"313","1","6","1","1","307.45","true","2006-10-21 02:35:01"
"314","3","1","2","5","199.34","true","1997-09-04 21:42:04"
"315","2","6","0","9","22.24","true","1981-02-17 04:08:21"
"316","4","3","0","7","128.64","false","1998-07-26 15:17:35"
"317","2","9","3","5","27.14","true","1980-11-13 16:27:44"
"318","2","4","4","7","224.39","false","1995-07-09 01:51:04"
"319","1","6","0","8","371.10","true","1971-03-12 16:56:23"
"320","4","4","2","9","489.93","true","1985-12-27 02:49:54"
"321","0","0","0","1","421.93","false","2010-01-08 03:33:52"
"322","3","6","1","4","395.73","true","1990-02-09 07:02:09"
"323","1","1","4","2","487.28","true","1985-07-15 17:21:56"
"324","2","3","2","3","74.94","false","1975-05-04 13:51:16"
"325","1","9","3","9","498.23","true","1971-03-04 09:32:37"
"326","2","4","3","1","347.16","false","2019-01-05 11:58:25"
"327","4","9","2","0","405.76","true","1979-10-05 23:19:46"
"328","1","6","4","2","345.00","false","1979-11-25 18:39:35"
"329","3","4","0","10","257.40","true","1981-11-13 21:51:33"
"330","3","2","3","10","118.83","false","2018-02-22 19:42:53"
"331","1","0","2","8","250.34","false","2010-01-21 12:56:52"
"332","2","1","2","2","282.50","true","1995-07-23 18:32:38"
"333","0","4","0","2","264.17","false","1998-10-03 15:52:51"
"334","2","6","4","1","99.97","true","1988-01-15 02:46:50"
"335","3","2","3","6","262.06","false","2020-01-22 13:26:13"
"336","3","4","1","10","395.90","true","1972-05-14 13:54:42"
"337","2","4","3","3","264.97","false","2001-11-23 21:30:16"
"338","1","3","0","1","49.68","false","2004-06-25 13:23:31"
"339","3","6","1","3","16.25","true","1976-06-22 15:37:48"
"340","4","3","3","8","35.70","true","1983-07-11 00:12:26"
"341","1","3","0","9","98.12","true","1983-04-17 09:58:36"
"342","4","4","4","9","327.79","false","1996-11-15 05:35:01"
"343","2","6","3","5","327.80","true","1993-07-03 07:47:13"
"344","1","6","0","3","499.25","false","2005-03-31 15:34:32"
"345","1","9","0","7","73.30","false","1976-03-21 23:22:45"
"346","4","2","2","10","200.42","false","1976-01-14 04:27:42"
"347","4","0","3","3","189.78","true","1979-04-06 16:24:53"
"348","3","1","0","8","248.36","true","2013-02-06 02:23:28"
"349","2","6","1","5","59.65","false","2016-07-05 20:20:39"
"350","0","2","1","10","102.37","false","2019-05-20 07:23:07"
"351","3","3","0","4","73.56","true","2012-11-01 01:19:53"
"352","1","4","1","5","425.77","false","1980-07-28 03:25:58"
"353","4","1","4","1","219.33","true","1980-09-26 13:37:11"
"354","1","3","4","4","216.22","true","2021-01-15 16:47:41"
"355","3","4","0","1","349.46","true","2003-08-21 06:20:09"
"356","1","4","0","7","15.90","true","1987-09-12 10:02:18"
"357","4","2","4","3","406.48","true","2012-07-21 00:07:11"
"358","0","6","4","7","485.93","true","2014-03-31 10:40:46"
"359","1","0","1","10","73.90","true","1980-07-03 07:11:44"
"360","4","4","1","1","34.13","false","1988-05-05 05:40:32"
"361","4","3","4","0","399.33","false","2018-03-13 13:52:56"
"362","0","1","3","4","30.44","false","2013-05-13 23:11:40"
"363","3","3","0","3","151.83","true","1976-01-25 17:49:39"
"364","4","6","1","7","126.66","true","1991-10-03 15:33:50"
"365","0","9","2","5","215.74","true","2018-09-15 13:04:01"
"366","4","6","4","1","198.25","false","2000-04-17 11:03:51"
"367","2","1","2","1","462.99","false","1995-01-14 18:20:38"
"368","1","3","0","0","197.82","false","2012-12-23 02:38:28"
"369","2","4","4","9","395.54","false","2008-09-19 07:07:06"
"370","4","1","1","1","428.00","false","1996-03-11 13:51:02"
"371","2","1","3","8","450.60","false","1997-07-03 09:49:15"
"372","1","4","3","3","137.22","true","1993-01-23 02:47:08"
"373","2","6","0","4","336.03","false","1991-12-15 05:55:35"
"374","4","6","1","10","169.52","true","1978-06-08 04:29:40"
"375","1","2","3","6","226.22","false","1999-09-11 19:14:54"
"376","3","2","4","2","54.11","false","1976-07-15 14:10:18"
"377","0","9","4","10","439.89","false","2002-08-31 14:22:31"
"378","1","3","0","9","215.07","false","1981-08-06 18:31:46"
"379","2","2","4","0","63.71","false","1979-10-31 06:48:43"
"380","0","0","2","3","385.43","false","1986-07-09 20:41:15"
"381","2","6","4","7","236.33","true","1997-03-30 02:05:24"
"382","0","0","0","4","54.42","true","2007-01-27 09:47:29"
"383","0","4","2","8","455.11","true","2011-12-15 12:49:37"
"384","2","6","0","7","125.14","true","1981-04-08 08:46:32"
"385","1","3","2","7","462.88","true","2017-12-13 18:09:45"
"386","4","0","4","1","193.02","true","1991-01-31 05:37:23"
"387","0","6","3","3","106.32","false","2001-07-07 19:18:24"
"388","4","4","4","6","428.47","true","2013-07-16 06:12:59"
"389","0","4","3","4","496.77","true","1993-08-08 01:56:18"
"390","4","2","3","4","321.97","false","1993-06-13 18:02:25"
"391","2","9","1","5","95.28","false","2013-09-25 20:51:19"
"392","0","2","3","10","318.89","false","1986-10-28 01:33:50"
"393","0","0","3","3","373.66","true","1996-06-13 12:37:14"
"394","4","2","4","6","68.04","false","2001-10-12 05:36:06"
"395","3","2","0","1","101.72","true","2003-05-15 19:34:33"
"396","1","6","0","9","368.66","false","1988-12-25 02:31:00"
"397","1","0","3","5","11.69","false","2020-04-21 22:33:02"
"398","0","1","4","7","151.97","false","2017-11-26 23:05:13"
"399","4","6","2","5","32.04","true","1995-10-14 23:47:09"
"400","3","3","1","8","144.62","false","1970-01-17 09:05:13"
"401","3","6","2","6","344.62","true","2015-11-27 18:31:38"
"402","3","3","4","7","369.76","false","2007-04-09 07:13:42"
"403","2","2","3","5","418.74","true","1972-07-15 02:50:25"
"404","3","3","3","5","158.08","true","1985-09-21 11:56:45"
"405","3","0","4","7","173.19","true","1974-09-15 02:53:11"
"406","0","1","4","0","16.29","true","2014-07-09 08:36:41"
"407","4","6","3","4","345.55","true","1997-01-02 19:15:43"
"408","3","2","4","2","19.20","false","1977-04-03 20:00:39"
"409","0","3","2","6","375.39","false","1972-03-13 23:34:55"
"410","4","9","2","1","169.97","false","1974-01-27 14:55:13"
"411","2","1","3","6","324.39","true","1974-08-19 05:21:53"
"412","3","0","0","0","406.11","false","1990-01-18 01:46:29"
"413","2","0","0","2","16.79","true","2010-06-02 23:45:12"
"414","1","3","0","8","299.17","true","1979-03-09 08:17:14"
"415","0","0","0","3","311.99","true","1976-10-24 07:17:45"
"416","3","3","0","8","58.60","false","2019-06-25 22:39:21"
"417","1","4","0","8","70.47","false","1978-11-06 04:54:18"
"418","0","6","4","1","490.04","true","2019-08-15 19:40:18"
"419","3","2","4","4","468.41","false","1986-06-25 07:11:17"
"420","4","6","0","5","78.77","false","2020-01-12 04:45:22"
"421","2","2","4","0","191.02","true","1979-09-28 08:13:14"
"422","2","6","1","1","334.17","true","2003-04-25 21:09:48"
"423","3","6","1","0","141.33","true","1981-09-19 20:32:07"
"424","2","9","2","8","102.80","true","2003-09-07 23:39:20"
"425","1","6","2","9","164.24","true","2015-08-28 03:02:14"
"426","1","2","3","6","393.13","false","2007-12-05 09:47:21"
"427","2","0","2","6","118.50","true","2006-07-20 08:28:51"
"428","2","9","1","4","470.33","true","2019-03-07 07:54:20"
"429","0","2","3","3","3.99","false","2014-08-14 06:55:51"
"430","1","2","2","2","474.67","true","2003-11-07 12:19:24"
"431","1","9","4","6","312.75","true","1989-05-28 14:30:11"
"432","0","2","0","5","15.77","true","1981-09-14 16:13:07"
"433","3","1","4","10","280.25","true","2006-12-16 19:12:19"
"434","1","3","4","5","337.57","false","1994-11-08 12:47:45"
"435","0","9","0","7","214.46","true","1985-07-09 03:25:42"
"436","3","9","4","9","7.85","true","2020-12-04 23:08:19"
"437","3","3","3","6","82.19","false","2000-04-06 21:33:16"
"438","1","2","0","4","358.20","true","2020-12-17 00:44:17"
"439","1","0","1","4","128.22","false","2005-06-30 16:32:34"
"440","3","2","4","7","372.54","false","1978-03-01 18:51:40"
"441","2","4","2","6","131.32","false","2011-05-15 22:53:59"
"442","4","0","3","6","479.82","true","1988-07-11 21:02:49"
"443","3","6","0","8","494.02","false","1975-10-30 16:15:04"
"444","2","6","0","8","15.63","false","1993-10-18 08:43:31"
"445","4","3","4","9","227.71","false","1982-08-04 15:43:45"
"446","4","9","0","4","310.45","true","1999-04-17 10:56:29"
"447","0","1","0","10","84.77","false","1978-10-05 05:43:21"
"448","3","2","3","7","440.88","true","1987-03-05 14:01:33"
"449","3","2","4","5","370.28","true","2004-10-02 07:07:00"
"450","2","3","4","4","332.76","true","1978-10-30 14:51:52"
"451","4","1","1","0","32.43","true","1971-11-02 12:44:19"
"452","3","3","0","2","293.67","true","2012-10-17 17:36:13"
"453","3","4","1","4","288.33","true","1994-04-12 00:09:05"
"454","1","3","2","1","21.42","true","2012-06-24 16:34:35"
"455","0","2","2","0","297.46","true","2014-09-20 12:16:19"
"456","3","3","3","6","324.27","true","1988-02-27 16:02:32"
"457","3","3","3","6","454.48","true","1983-12-31 08:59:20"
"458","3","6","1","7","137.09","true","1991-11-26 15:14:27"
"459","2","2","3","7","175.31","true","1978-09-06 07:54:29"
"460","2","9","1","8","254.19","true","2009-11-23 13:17:14"
"461","4","3","2","2","89.11","false","1988-07-13 07:28:56"
"462","2","6","0","5","57.48","false","1991-01-28 08:18:18"
"463","2","9","0","10","96.84","false","1982-09-11 19:00:14"
"464","1","9","4","1","81.60","true","2018-07-09 16:02:24"
"465","4","2","0","6","26.48","true","2001-07-26 08:31:09"
"466","3","6","1","1","361.18","true","1980-04-15 22:31:47"
"467","0","9","3","1","311.12","false","2009-03-31 06:05:15"
"468","4","0","1","6","436.95","false","1981-09-17 13:11:54"
"469","4","3","2","10","391.43","true","1997-06-21 13:31:38"
"470","2","1","1","3","422.92","true","2013-05-14 23:07:02"
"471","4","9","2","10","345.94","false","1976-03-06 17:21:50"
"472","2","4","3","0","408.38","false","1979-07-13 08:58:40"
"473","2","1","3","2","115.29","true","2022-01-13 12:05:47"
"474","3","3","0","1","184.96","true","1991-12-09 07:29:19"
"475","1","1","1","10","315.70","false","2003-10-17 13:48:26"
"476","2","4","3","4","461.64","false","1971-03-30 00:08:08"
"477","4","6","4","3","469.23","false","2004-01-22 13:20:47"
"478","4","6","0","1","159.56","true","1973-04-21 15:25:15"
"479","3","4","4","6","287.78","false","1991-08-10 11:46:05"
"480","4","9","2","2","116.42","false","2005-05-12 13:26:30"
"481","0","6","3","1","412.17","true","2008-03-30 08:55:58"
"482","0","9","1","5","391.14","true","1991-03-22 14:52:17"
"483","1","9","0","2","345.06","true","1994-06-28 00:04:10"
"484","3","6","4","6","317.86","false","1984-04-11 15:40:34"
"485","3","6","0","9","305.94","true","1970-07-02 18:02:46"
"486","3","6","0","1","212.19","true","2009-05-24 19:54:00"
"487","1","9","2","7","384.35","false","1993-04-16 16:38:21"
"488","4","3","3","7","168.34","false","2006-05-09 23:35:49"
"489","2","3","2","0","476.51","false","1984-07-26 09:37:22"
"490","3","9","2","2","206.54","true","2002-06-25 22:23:52"
"491","1","1","4","4","481.24","true","2004-03-15 09:51:59"
"492","4","1","4","1","437.23","false","2002-10-01 20:11:38"
"493","1","3","1","1","59.06","true","2020-10-17 03:46:16"
"494","0","4","1","10","75.72","true","1994-06-09 12:20:00"
"495","2","0","0","5","192.62","true","2009-01-09 10:37:50"
"496","4","1","4","9","114.97","false","1989-07-12 22:01:17"
"497","0","1","3","2","429.12","true","1982-02-09 12:43:28"
"498","2","2","2","8","86.57","false","1976-10-22 12:42:10"
"499","0","3","0","6","31.24","false","1986-11-22 18:16:06"
"500","2","3","4","7","63.42","true","2011-05-18 13:05:40"
"501","3","2","1","5","196.91","true","1992-07-25 04:41:04"
"502","1","0","4","9","141.58","true","2012-07-26 11:31:21"
"503","1","9","1","10","376.71","false","2020-08-18 02:11:20"
"504","3","9","0","7","405.49","false","1989-04-10 19:01:20"
"505","0","3","0","2","414.58","true","1990-06-15 23:13:29"
"506","2","2","4","0","79.62","false","2011-06-12 01:30:30"
"507","2","1","3","2","413.03","false","2009-04-22 21:03:41"
"508","1","0","3","8","442.96","false","2013-08-30 09:31:08"
"509","1","3","2","9","67.88","false","1981-06-20 15:05:16"
"510","0","0","1","10","57.25","false","1983-01-12 07:29:38"
"511","0","9","3","9","168.33","false","1987-03-13 08:49:55"
"512","3","4","0","3","159.57","false","2021-07-06 06:30:29"
"513","3","0","4","5","419.76","false","1984-08-03 06:15:00"
"514","4","2","2","4","410.20","true","1983-08-04 16:05:13"
"515","0","2","3","9","79.38","false","1981-05-31 01:28:11"
"516","3","0","0","6","421.23","false","1975-05-01 17:45:27"
"517","0","6","4","3","127.68","true","1992-01-19 10:10:30"
"518","3","4","4","2","406.12","true","2022-02-14 06:21:17"
"519","4","4","4","3","24.56","false","2006-07-08 19:18:26"
"520","0","3","0","9","8.83","true","1982-10-20 09:50:22"
"521","1","3","1","2","266.37","true","1995-05-13 13:01:27"
"522","4","9","0","10","452.79","false","1991-01-31 04:06:18"
"523","4","9","1","9","297.38","true","1998-01-29 10:40:42"
"524","2","0","2","1","493.35","false","1990-06-11 07:20:41"
"525","4","1","2","10","19.92","true","2010-08-16 23:10:59"
"526","3","0","3","4","119.55","false","1970-04-15 22:05:47"
"527","1","6","4","10","232.68","true","1970-12-07 07:26:13"
"528","0","9","0","9","65.50","false","1981-12-05 00:14:57"
"529","1","6","4","6","55.03","true","1997-08-02 17:41:45"
"530","2","1","3","10","13.85","false","1998-07-31 07:35:28"
"531","4","1","4","10","415.45","true","1972-03-12 12:10:27"
"532","3","3","4","3","498.80","true","1993-01-08 08:08:47"
"533","3","6","1","0","290.25","true","1983-08-12 18:13:34"
"534","0","2","2","2","168.93","false","1982-04-14 07:28:04"
"535","4","6","3","1","141.07","false","2021-07-01 16:29:16"
"536","4","9","3","6","83.48","true","2021-11-01 19:22:00"
"537","3","1","4","0","323.56","false","2013-10-11 23:09:50"
"538","4","4","1","7","110.65","false","1985-04-05 16:12:19"
"539","4","6","0","2","276.14","true","1990-08-23 08:44:12"
"540","0","2","0","8","67.79","true","1998-04-26 11:52:43"
"541","2","0","2","7","70.05","true","2015-05-24 21:34:16"
"542","4","2","3","3","441.99","true","2010-02-08 05:49:56"
"543","2","1","2","7","341.13","false","1995-04-03 19:29:15"
"544","2","0","2","4","356.13","false","1983-04-03 19:07:22"
"545","2","1","1","10","425.25","true","1995-10-03 11:54:08"
"546","0","4","2","6","340.21","false","1971-10-30 17:03:49"
"547","4","6","0","4","273.55","true","2018-04-06 06:34:54"
"548","1","4","2","8","377.10","true","1998-09-24 14:49:56"
"549","4","2","1","4","75.15","false","1981-11-03 00:46:22"
"550","3","2","1","1","481.68","true","2002-07-02 19:57:14"
"551","1","2","3","2","137.41","true","2001-07-19 08:12:46"
"552","2","4","1","6","32.98","false","2022-04-02 12:00:00"
"553","3","2","4","4","159.61","true","1973-02-07 23:54:57"
"554","3","6","0","1","237.75","true","2021-11-30 12:57:07"
"555","0","9","3","6","118.37","true","2012-08-30 20:17:19"
"556","4","2","4","6","465.03","true","2020-06-25 02:51:45"
"557","3","4","2","2","116.99","true","2014-06-20 13:16:42"
"558","0","0","4","5","309.18","false","2003-01-12 14:53:21"
"559","4","1","3","5","398.19","true","1982-05-06 06:54:42"
"560","0","2","1","9","52.65","false","1986-11-14 00:26:53"
"561","0","6","4","8","496.13","false","2011-11-13 11:29:25"
"562","3","2","2","3","451.78","true","1972-10-24 05:41:35"
"563","3","2","4","9","363.43","true","1993-02-26 20:05:58"
"564","2","6","0","0","411.57","true","2015-09-09 12:25:20"
"565","0","3","2","7","390.42","false","1971-03-21 13:31:26"
"566","2","6","2","5","326.31","false","1994-05-23 17:11:25"
"567","3","1","0","6","201.80","false","2011-01-09 19:18:06"
"568","0","4","0","2","160.03","false","1976-04-23 16:36:33"
"569","1","0","4","3","149.25","false","2008-06-19 00:48:44"
"570","0","9","1","10","341.55","false","2013-02-05 10:52:52"
"571","2","0","0","3","235.35","false","1980-12-01 11:01:44"
"572","3","0","1","9","443.00","true","2016-04-04 18:09:14"
"573","0","0","2","3","393.06","true","2003-10-12 20:48:06"
"574","2","2","4","10","404.47","false","2017-07-18 05:55:18"
"575","3","4","4","3","423.99","true","1978-11-03 21:37:05"
"576","1","1","0","9","71.13","true","2008-01-31 10:01:57"
"577","0","4","4","6","222.58","false","1970-12-16 13:04:32"
"578","4","9","4","2","320.40","true","2011-07-21 22:20:40"
"579","2","4","2","7","344.51","true","2008-10-31 14:15:54"
"580","4","1","3","1","135.71","false","1991-05-15 12:46:21"
"581","4","6","2","7","493.89","false","2000-05-25 04:56:02"
"582","0","4","2","6","165.88","true","1993-03-13 19:27:18"
"583","0","9","0","9","430.91","false","1977-03-06 03:08:02"
"584","4","1","4","0","344.85","true","1971-03-26 09:15:46"
"585","2","6","3","7","56.66","true","2020-05-29 19:57:03"
"586","1","2","4","6","154.33","true","2011-01-23 21:51:35"
"587","3","3","2","1","169.01","false","1993-04-03 13:23:22"
"588","0","1","3","4","233.33","false","2012-07-06 19:22:39"
"589","1","6","1","4","282.58","false","2002-05-17 23:34:01"
"590","0","0","1","5","283.06","false","1992-08-15 18:39:23"
"591","2","0","3","4","343.43","true","2002-05-27 02:09:20"
"592","0","4","4","9","155.40","false","2012-08-27 08:54:57"
"593","2","0","2","9","424.02","false","1981-10-29 15:47:43"
"594","2","4","2","0","355.33","false","2000-04-25 20:56:32"
"595","1","1","2","10","494.29","true","1973-03-30 17:35:41"
"596","3","3","3","5","331.76","true","1971-09-26 07:50:08"
"597","0","3","2","7","108.89","true","1976-12-27 10:48:16"
"598","3","4","0","0","135.13","true","1970-09-18 18:03:38"
"599","2","3","4","1","338.99","false","1992-09-11 13:05:31"
"600","3","4","2","0","135.42","true","2020-05-05 07:51:30"
"601","4","1","3","10","267.90","true","1996-01-15 01:15:21"
"602","2","0","4","8","497.25","true","1986-08-06 03:35:14"
"603","0","9","4","3","497.40","true","2008-12-05 08:13:23"
"604","3","4","3","4","221.23","false","1981-09-14 06:00:01"
"605","0","2","2","10","434.94","false","1988-08-27 23:16:12"
"606","1","3","0","2","30.98","true","2010-09-25 16:31:29"
"607","2","4","1","9","9.05","true","1980-07-17 15:41:48"
"608","0","1","1","6","280.23","false","1971-04-11 11:46:57"
"609","2","2","2","3","398.72","true","2010-01-10 12:45:52"
"610","0","2","2","5","175.11","false","1974-05-28 11:44:04"
"611","3","1","2","2","484.73","false","1984-06-25 04:13:58"
"612","4","1","4","5","69.64","true","2009-08-06 23:20:28"
"613","4","4","4","5","49.78","true","1987-05-20 08:10:59"
"614","3","2","3","5","94.50","false","1976-08-17 22:57:11"
"615","2","1","2","7","438.22","false","1975-07-04 22:43:51"
"616","2","9","2","2","137.84","false","1998-03-05 14:25:16"
"617","1","1","1","10","298.58","false","2009-12-02 13:20:34"
"618","1","9","0","7","187.17","true","1997-11-04 20:34:25"
"619","4","9","0","4","430.06","false","2012-07-09 20:22:48"
"620","1","3","0","6","445.90","true","2011-10-26 10:21:24"
"621","3","9","3","6","307.54","false","1974-02-26 06:58:34"
"622","2","1","1","8","441.41","true","2012-05-22 05:16:56"
"623","3","1","4","2","444.49","true","1987-05-22 07:24:07"
"624","0","3","2","4","245.44","true","2008-08-16 08:45:51"
"625","0","3","1","0","138.26","false","1989-07-11 04:02:48"
"626","4","3","1","9","466.00","true","1996-05-01 15:16:40"
"627","1","9","2","2","369.81","true","1996-07-21 06:31:08"
"628","4","9","3","9","184.86","false","2018-11-08 17:11:12"
"629","1","0","4","5","202.84","false","1991-01-27 16:48:11"
"630","1","2","3","7","133.50","true","1983-10-01 20:53:10"
"631","1","3","3","3","19.94","false","2005-11-02 21:43:30"
"632","2","6","3","2","53.39","false","1980-04-03 01:19:40"
"633","1","2","1","9","83.44","true","2010-05-09 10:37:10"
"634","1","0","0","4","64.32","false","1982-08-22 04:31:57"
"635","0","2","4","6","483.47","true","1987-09-25 07:06:36"
"636","2","6","4","1","287.67","false","2007-10-01 09:24:47"
"637","4","9","0","9","15.43","false","2002-12-06 13:30:06"
"638","2","6","4","6","410.29","true","1998-09-16 08:33:18"
"639","0","4","2","2","445.98","false","1972-09-29 11:10:05"
"640","0","1","3","5","421.46","true","1992-10-15 17:58:40"
"641","4","4","4","1","204.69","true","2012-01-16 22:00:12"
"642","4","1","1","2","165.82","false","1972-10-16 22:00:19"
"643","0","0","2","6","106.52","true","1984-02-06 15:29:34"
"644","2","0","0","4","478.92","true","1986-01-14 00:49:52"
"645","1","1","3","0","222.25","true","2005-07-17 17:52:54"
"646","2","3","1","9","492.65","true","1994-09-13 08:46:24"
"647","2","2","4","9","119.63","true","1973-06-25 11:26:25"
"648","4","6","0","0","135.55","true","1976-10-19 12:32:34"
"649","2","2","0","3","318.36","true","1990-08-15 10:38:57"
"650","4","0","0","5","200.61","true","1985-04-24 00:48:32"
"651","1","1","1","7","20.91","true","2002-06-08 12:23:10"
"652","4","4","1","9","217.31","true","1976-08-15 11:38:08"
"653","2","1","2","3","52.57","false","2014-03-10 05:23:52"
"654","3","2","3","9","97.57","true","1984-07-24 19:41:13"
"655","4","3","2","2","220.33","false","1978-11-28 03:23:40"
"656","4","4","3","10","56.30","false","2008-07-03 19:08:43"
"657","2","0","2","3","228.27","false","1989-09-09 19:45:51"
"658","4","2","0","0","184.04","false","2008-12-09 01:45:17"
"659","4","9","0","6","383.06","true","2012-05-30 01:08:10"
"660","2","3","2","1","329.03","false","1998-08-19 18:43:50"
"661","2","9","0","0","409.43","true","1993-10-02 12:44:02"
"662","0","4","0","9","448.80","true","2021-05-03 00:59:13"
"663","4","0","1","4","303.74","false","1976-11-08 07:04:35"
"664","0","1","0","3","441.19","true","2002-11-15 19:53:34"
"665","4","2","3","1","104.06","false","1985-07-20 16:20:20"
"666","1","3","3","1","33.31","true","1980-07-30 05:40:25"
"667","3","9","3","8","215.32","true","1972-07-07 00:00:11"
"668","4","6","3","9","79.89","false","1979-06-13 21:30:33"
"669","0","2","3","9","298.61","false","2020-07-05 20:19:47"
"670","3","2","4","8","118.08","false","2004-02-18 20:13:37"
"671","1","2","2","4","122.65","false","1989-11-14 15:09:33"
"672","3","2","2","4","430.26","true","1990-05-14 17:03:16"
"673","1","0","1","5","209.68","true","1984-06-25 23:09:39"
"674","3","9","3","8","443.31","false","1994-10-22 22:08:19"
"675","3","9","0","10","299.60","false","1976-08-01 12:21:40"
"676","1","6","0","4","413.67","false","1970-08-03 08:21:18"
"677","3","3","1","0","12.77","true","1998-04-22 06:11:54"
"678","3","2","3","0","411.92","false","1988-03-02 16:52:47"
"679","3","6","4","0","302.01","true","1980-04-10 16:33:47"
"680","4","4","1","6","84.92","false","1979-07-06 07:02:58"
"681","4","2","3","4","126.81","true","1980-01-04 10:28:23"
"682","4","1","1","7","68.01","true","1988-10-16 01:58:47"
"683","2","6","4","9","10.48","false","2014-05-19 06:03:30"
"684","1","0","1","5","334.01","false","1976-03-27 06:19:25"
"685","2","0","3","4","368.65","true","1995-08-29 00:53:18"
"686","0","3","3","3","490.62","true","2012-12-06 08:35:45"
"687","0","9","4","10","264.12","true","2018-06-14 18:02:27"
"688","4","3","2","5","141.29","true","2015-11-18 11:04:32"
"689","2","0","4","7","299.23","true","1971-07-24 14:37:06"
"690","3","2","2","8","222.22","true","1982-01-02 04:27:39"
"691","1","3","1","0","153.77","true","1985-08-26 19:53:04"
"692","0","4","2","9","415.32","false","1989-03-15 02:38:37"
"693","2","4","2","10","191.16","true","2000-01-04 09:58:54"
"694","4","0","0","6","78.21","false","1984-10-05 10:42:22"
"695","4","2","2","8","320.45","false","2020-05-03 02:31:12"
"696","0","4","0","10","482.84","false","1977-07-24 15:33:43"
"697","4","9","3","7","235.09","true","2012-09-12 21:30:19"
"698","1","3","1","5","209.71","true","1998-12-21 17:24:21"
"699","2","2","1","8","42.81","false","1991-05-04 21:21:52"
"700","4","1","4","3","340.85","true","2000-03-31 22:51:59"
"701","4","3","1","3","283.69","true","1989-04-23 13:00:53"
"702","4","1","2","4","28.65","false","1996-02-20 08:03:29"
"703","1","0","1","7","319.38","true","1990-01-12 17:50:46"
"704","0","0","3","2","223.70","true","2016-01-01 14:17:54"
"705","0","2","3","6","118.97","false","2004-01-20 17:06:03"
"706","2","4","1","3","370.11","false","2015-03-21 08:37:53"
"707","0","3","3","8","142.42","true","2018-09-03 21:41:32"
"708","1","4","4","3","290.04","false","1983-12-22 17:04:01"
"709","2","1","1","1","231.29","true","1985-10-08 10:28:09"
"710","3","3","3","2","322.96","true","2011-10-30 00:07:25"
"711","2","6","2","4","335.05","true","2003-02-01 08:59:19"
"712","3","0","4","1","344.88","false","2015-04-24 22:01:54"
"713","3","2","1","1","316.74","true","1994-05-17 07:46:51"
"714","3","9","1","0","158.37","true","1974-08-19 19:36:32"
"715","4","3","1","8","253.26","false","2016-01-27 22:04:05"
"716","3","4","3","0","482.20","true","2005-09-19 10:16:56"
"717","3","0","3","2","320.89","false","1975-06-14 08:33:41"
"718","4","9","4","7","174.58","true","2016-02-08 12:30:37"
"719","3","0","1","10","128.37","false","1999-08-25 21:41:45"
"720","4","0","3","7","35.60","false","2016-07-21 07:44:53"
"721","4","2","3","3","317.08","false","2021-03-18 01:48:36"
"722","3","3","2","7","226.82","true","1994-07-29 15:56:20"
"723","0","2","4","10","107.75","true","2005-10-06 15:53:53"
"724","2","6","0","8","90.93","true","2009-10-08 06:28:19"
"725","4","3","4","0","247.35","true","2013-09-05 11:20:08"
"726","3","2","2","0","223.06","true","1986-12-03 10:27:34"
"727","3","9","0","9","23.48","false","1984-04-13 13:34:08"
"728","0","2","0","1","88.60","true","1971-04-17 02:38:30"
"729","2","1","3","3","390.20","true","2013-08-06 23:56:22"
"730","1","4","0","5","31.57","false","1980-04-25 14:22:44"
"731","0","0","4","6","24.07","true","2022-04-04 21:59:25"
"732","2","9","0","8","253.33","true","1980-03-13 13:59:09"
"733","0","2","2","8","322.66","true","2016-03-05 14:43:18"
"734","4","9","4","8","401.27","false","1986-11-15 17:29:48"
"735","1","1","2","6","34.12","false","1998-10-24 07:39:33"
"736","4","2","4","6","78.14","false","1978-03-15 03:28:51"
"737","1","9","0","9","209.71","true","1988-07-04 06:00:04"
"738","4","6","2","0","120.96","true","1972-04-03 15:54:07"
"739","0","1","2","4","57.80","true","1987-05-31 10:23:37"
"740","3","0","0","4","216.29","false","2010-03-21 02:44:15"
"741","4","6","0","5","457.17","true","1994-08-15 21:12:00"
"742","2","2","0","5","32.52","false","1989-01-15 19:07:15"
"743","0","1","3","1","171.28","true","1998-11-12 20:38:57"
"744","2","4","0","8","82.22","true","1976-01-16 22:00:00"
"745","2","6","4","0","389.99","false","2012-08-09 13:32:24"
"746","2","1","3","7","303.72","true","2004-05-21 17:27:18"
"747","0","3","1","5","179.77","false","2018-11-26 07:39:30"
"748","4","4","0","5","416.54","true","1996-06-22 17:09:13"
"749","3","2","1","6","67.47","false","2018-02-15 11:13:46"
"750","4","2","1","6","405.26","true","1984-02-14 08:33:40"
"751","1","1","0","1","172.48","true","2011-03-06 12:32:09"
"752","4","4","0","5","186.19","true","2001-05-31 20:14:19"
"753","3","2","2","5","478.98","false","1999-02-05 07:53:59"
"754","1","3","1","6","339.59","true","2006-10-13 01:25:47"
"755","2","2","0","5","15.90","true","1992-02-24 12:14:25"
"756","1","0","2","1","185.78","true","2017-07-10 13:16:48"
"757","3","9","4","0","447.81","true","2000-12-17 02:41:43"
"758","3","0","1","10","38.26","true","2010-09-19 15:58:16"
"759","1","2","2","10","3.38","false","1970-08-28 16:18:15"
"760","2","4","0","1","176.21","false","2019-11-25 04:48:38"
"761","3","4","1","8","337.58","false","2015-08-23 18:00:30"
"762","2","0","2","7","11.10","false","2018-02-19 09:39:14"
"763","0","1","4","6","29.86","true","1976-10-09 01:15:00"
"764","3","1","3","9","294.72","false","1996-04-15 00:27:35"
"765","0","9","4","2","16.73","true","2010-07-01 16:04:38"
"766","1","3","1","8","231.24","true","2022-03-12 09:50:45"
"767","0","4","3","4","450.62","false","2014-07-07 04:22:00"
"768","3","2","4","2","312.69","true","2009-02-26 17:56:56"
"769","0","3","3","6","450.61","false","1985-05-03 18:37:17"
"770","0","0","2","9","195.62","true","2009-12-27 20:54:02"
"771","0","4","1","3","498.72","false","2017-01-31 19:19:02"
"772","1","9","2","6","273.68","true","2012-05-07 15:43:34"
"773","0","6","2","9","196.27","true","1995-02-26 02:00:50"
"774","3","1","3","1","413.68","false","1987-12-24 08:38:39"
"775","3","2","2","5","459.98","false","2021-08-28 21:25:22"
"776","3","6","2","5","3.26","false","1984-08-14 13:28:22"
"777","0","2","0","9","192.53","true","1998-12-06 06:11:20"
"778","1","6","3","3","162.14","true","2013-03-19 14:38:50"
"779","2","0","1","2","154.10","true","1986-01-08 10:56:18"
"780","4","6","3","2","326.41","false","1986-05-12 03:13:53"
"781","4","3","0","10","384.16","false","2012-04-13 10:11:31"
"782","0","0","2","3","431.56","false","2005-01-13 23:17:11"
"783","4","1","2","5","156.17","true","1997-06-15 08:00:39"
"784","2","2","3","9","246.53","true","2000-11-20 18:33:02"
"785","1","2","3","0","333.55","false","1993-04-28 21:43:13"
"786","3","2","0","10","165.63","false","2013-01-12 04:22:50"
"787","3","0","0","10","425.95","false","1990-02-13 06:00:54"
"788","4","3","2","1","453.83","false","1993-08-01 14:51:41"
"789","3","6","3","8","279.04","false","1993-11-30 14:43:16"
"790","0","2","0","8","486.75","false","2011-09-11 10:45:29"
"791","3","1","0","9","496.39","true","2006-08-19 00:50:19"
"792","1","6","0","8","258.51","true","1973-08-27 16:38:32"
"793","2","2","2","8","26.57","true","2010-01-14 13:11:30"
"794","0","4","4","7","312.52","false","1988-07-15 02:55:11"
"795","4","6","4","4","468.86","true","1981-01-13 03:19:57"
"796","1","1","3","4","378.31","true","1993-07-06 05:28:10"
"797","1","4","2","3","76.08","false","2021-10-30 17:04:27"
"798","1","9","4","2","309.26","false","2003-01-30 14:44:55"
"799","2","4","0","4","464.95","true","1984-11-12 07:51:25"
"800","0","0","2","4","44.57","false","2003-07-05 00:21:30"
"801","3","2","1","8","346.71","false","2011-06-05 07:10:13"
"802","0","6","2","8","201.47","true","1979-11-29 02:55:12"
"803","4","3","4","8","437.75","false","1993-11-05 23:03:45"
"804","2","4","1","2","348.17","true","1976-05-12 11:31:29"
"805","2","0","1","6","335.64","false","2008-01-19 02:38:28"
"806","2","9","0","0","357.94","false","1983-10-15 06:36:43"
"807","4","9","3","9","10.52","false","2007-08-06 09:51:18"
"808","4","1","0","6","500.10","false","2006-03-13 07:09:23"
"809","2","6","1","10","252.59","true","2013-10-23 08:16:32"
"810","4","4","2","5","266.69","false","1976-08-31 10:42:50"
"811","0","2","2","0","235.19","false","1974-04-08 17:02:02"
"812","3","1","3","2","335.38","true","2010-04-27 05:50:19"
"813","0","6","1","7","475.64","true","1972-08-02 12:39:20"
"814","0","9","4","6","180.96","false","1993-10-18 13:46:38"
"815","1","0","3","9","404.95","false","2009-05-11 15:37:58"
"816","4","0","4","4","308.91","false","1972-01-23 14:11:13"
"817","2","4","3","1","60.84","false","2011-10-09 09:07:15"
"818","2","0","4","10","390.23","false","1982-05-25 19:53:53"
"819","2","9","3","10","114.48","false","2018-02-21 08:04:48"
"820","4","9","0","3","190.43","false","2001-02-11 02:09:29"
"821","3","4","4","7","161.55","false","1982-12-19 16:15:31"
"822","1","3","0","7","397.24","true","1970-02-02 00:48:35"
"823","1","0","1","10","265.27","true","1978-04-06 17:52:36"
"824","3","1","4","6","462.02","true","1980-12-05 03:51:47"
"825","0","3","2","10","262.97","true","2001-02-07 18:14:03"
"826","0","0","0","1","101.67","true","2008-03-28 10:38:51"
"827","0","4","0","7","4.23","false","2009-07-06 04:31:09"
"828","4","1","2","5","336.37","true","1988-12-04 03:38:40"
"829","1","6","3","3","85.42","true","1978-08-18 07:16:25"
"830","4","3","3","9","194.07","true","1971-04-22 20:40:23"
"831","2","0","0","3","219.04","true","1990-10-18 08:47:03"
"832","0","6","1","6","10.73","false","1999-10-01 03:17:40"
"833","3","1","2","5","352.86","true","2003-06-17 13:38:31"
"834","3","2","4","1","434.02","true","2010-05-02 21:11:31"
"835","4","3","3","8","100.88","false","1970-07-05 18:49:55"
"836","2","1","0","8","477.29","false","1988-10-27 11:50:06"
"837","0","3","2","3","354.26","true","1991-07-01 04:09:26"
"838","0","4","0","5","25.11","true","2010-09-08 09:06:32"
"839","0","4","3","2","139.80","true","1999-10-31 17:18:15"
"840","3","3","1","8","448.75","true","2007-04-29 14:20:00"
"841","1","6","0","1","413.43","true","2017-12-14 15:32:48"
"842","2","6","3","2","463.38","true","1977-05-22 05:05:10"
"843","1","6","1","1","158.32","true","1980-02-02 20:37:44"
"844","4","3","2","1","361.17","true","2021-08-30 01:00:58"
"845","1","9","4","2","258.31","true","2000-10-21 18:50:06"
"846","1","3","4","6","253.13","false","2007-01-22 00:30:45"
"847","1","0","3","9","330.73","true","2018-04-08 02:29:47"
"848","1","6","3","3","472.47","true","1994-05-28 08:11:40"
"849","1","4","3","6","416.81","true","2011-02-25 01:07:15"
"850","3","0","4","2","164.25","false","1971-12-10 01:33:34"
"851","2","9","3","4","390.09","false","2009-01-03 02:46:00"
"852","4","1","1","1","340.02","false","2017-07-20 17:45:08"
"853","1","3","2","0","302.38","false","2017-11-14 21:53:58"
"854","4","2","2","9","340.11","true","1971-09-14 07:05:26"
"855","3","0","1","4","43.07","false","2019-08-28 20:52:25"
"856","0","0","0","10","114.75","true","1991-04-17 23:31:05"
"857","2","4","4","6","237.03","false","1989-09-20 12:59:29"
"858","4","0","1","2","182.44","false","1998-07-23 04:21:41"
"859","1","3","0","9","412.03","false","2007-01-05 20:04:40"
"860","1","9","2","6","77.76","true","1987-07-16 11:34:19"
"861","1","0","0","9","313.22","false","1980-02-22 14:00:14"
"862","1","9","4","10","373.42","false","1996-08-18 08:08:06"
"863","4","6","0","4","262.60","true","1987-12-15 02:26:42"
"864","0","9","2","3","295.38","false","2017-09-10 16:43:20"
"865","2","2","4","6","416.37","false","2003-01-08 00:06:29"
"866","0","6","0","10","213.25","true","2016-03-10 21:04:34"
"867","1","2","2","10","333.67","false","2000-01-04 03:04:53"
"868","4","9","3","5","107.99","false","1976-06-09 21:26:15"
"869","1","4","3","0","158.75","true","1972-02-24 08:21:19"
"870","0","6","1","10","478.70","false","1991-10-29 17:02:47"
"871","4","0","0","7","247.37","false","1974-01-23 05:02:59"
"872","2","4","4","9","488.60","false","2002-04-04 14:10:42"
"873","1","6","4","7","115.81","true","2008-07-24 00:07:15"
"874","1","1","4","4","116.86","true","1977-06-20 06:23:06"
"875","3","2","3","7","176.18","false","1978-10-08 16:13:08"
"876","3","1","1","10","19.47","false","2000-11-22 01:45:45"
"877","0","6","2","4","132.76","true","1972-06-17 04:27:20"
"878","1","4","2","7","133.30","true","1977-09-17 12:25:58"
"879","4","3","2","8","445.23","false","1977-02-01 11:50:28"
"880","0","1","1","5","185.68","true","1992-08-22 06:42:14"
"881","1","2","1","10","442.81","true","1995-10-04 08:10:40"
"882","2","2","3","0","137.10","true","2009-11-09 09:22:42"
"883","1","1","4","9","0.69","true","2012-07-04 05:20:10"
"884","2","6","1","0","82.74","false","2014-08-28 13:45:51"
"885","3","4","2","10","441.70","true","2018-10-08 06:34:32"
"886","2","0","1","2","427.28","true","1989-01-12 12:43:03"
"887","4","3","2","5","228.37","true","1984-01-16 11:21:01"
"888","1","3","3","6","402.20","true","1996-06-25 19:41:05"
"889","2","1","2","10","332.39","false","1979-01-04 19:14:26"
"890","3","3","3","9","209.93","true","1973-06-19 13:46:17"
"891","2","4","4","9","381.06","false","1973-03-15 01:37:37"
"892","3","4","4","0","479.22","true","2010-08-16 10:52:23"
"893","2","1","0","5","418.04","false","1971-07-10 07:04:14"
"894","2","9","3","5","52.48","false","2021-02-12 02:36:59"
"895","1","6","1","6","84.77","false","1991-05-17 06:27:59"
"896","3","4","1","4","416.72","true","2000-10-20 00:06:19"
"897","4","9","0","10","69.38","true","2004-01-17 14:15:16"
"898","2","9","3","1","476.73","false","1994-09-21 08:10:49"
"899","3","0","0","4","75.17","false","1978-08-25 19:08:41"
"900","1","1","2","3","174.87","true","2010-02-24 16:51:52"
"901","0","9","4","5","341.24","false","1981-11-06 17:09:13"
"902","3","3","3","4","104.57","false","1985-06-15 03:41:35"
"903","0","4","3","5","405.53","false","1975-11-07 23:45:31"
"904","0","9","1","8","329.28","false","1982-03-30 02:49:58"
"905","0","3","1","2","269.95","false","1971-10-08 21:34:39"
"906","1","1","1","5","307.04","false","2002-09-27 09:22:37"
"907","2","9","2","1","289.42","false","1990-08-03 16:58:11"
"908","3","0","3","9","470.79","false","1993-11-08 16:40:26"
"909","3","0","0","8","351.02","true","2008-06-21 14:52:49"
"910","2","9","1","10","12.10","true","1990-11-27 14:33:58"
"911","3","3","2","0","427.41","false","2021-12-21 06:38:52"
"912","1","2","2","1","211.41","true","1975-04-20 02:54:44"
"913","0","2","4","4","425.17","true","2010-03-27 08:42:44"
"914","2","9","4","10","435.93","true","2005-02-10 23:16:38"
"915","2","4","1","9","421.26","true","2000-06-18 14:33:14"
"916","3","9","1","5","41.33","false","2016-03-17 22:58:24"
"917","2","2","3","10","169.82","true","1971-03-09 12:33:30"
"918","3","1","2","8","37.16","true","1978-10-05 11:03:38"
"919","3","2","4","8","23.56","false","1980-01-03 16:56:56"
"920","4","9","3","7","43.77","true","2013-04-11 13:58:35"
"921","3","4","2","0","284.28","true","1988-09-19 06:56:42"
"922","4","3","1","9","112.29","false","2004-03-24 19:38:06"
"923","1","1","0","9","379.30","true","1970-04-11 16:24:55"
"924","1","4","0","3","491.08","true","1986-11-10 10:48:53"
"925","1","1","2","1","208.67","false","1995-02-15 05:52:54"
"926","4","0","2","8","329.49","true","1992-03-06 23:11:34"
"927","0","0","0","2","150.38","true","1977-04-28 14:19:38"
"928","2","2","2","3","87.58","false","2014-04-04 16:25:15"
"929","1","0","0","9","212.20","false","2005-02-18 02:40:15"
"930","3","4","4","1","465.22","true","1971-03-10 10:28:04"
"931","3","1","1","1","450.42","true","2004-04-26 11:02:42"
"932","4","2","1","1","133.42","false","2020-03-15 03:12:46"
"933","3","6","0","6","375.36","false","2011-05-18 23:55:36"
"934","2","3","2","7","499.06","true","2018-12-22 21:57:18"
"935","1","0","0","1","107.32","true","2012-09-26 12:48:20"
"936","4","1","1","4","258.37","false","2001-06-20 00:25:54"
"937","3","4","4","3","456.53","true","2016-02-18 17:28:22"
"938","0","6","1","4","187.94","true","1984-10-16 10:39:32"
"939","0","4","3","3","454.52","false","1978-10-15 02:41:16"
"940","2","0","1","2","30.42","true","2014-07-04 13:01:13"
"941","0","4","0","1","56.92","true","1979-12-30 08:13:24"
"942","3","9","4","1","156.03","false","1982-12-22 19:14:59"
"943","4","6","4","3","260.71","true","1981-03-21 07:15:07"
"944","0","4","3","8","135.37","true","2010-09-24 08:10:27"
"945","3","2","0","7","85.15","true","1980-08-09 19:50:39"
"946","0","4","0","4","152.27","true","1987-07-21 23:43:36"
"947","3","3","1","7","138.86","false","1990-08-03 01:28:13"
"948","3","1","4","6","278.53","true","1996-09-05 21:11:24"
"949","1","0","2","10","416.80","true","2020-01-03 13:24:50"
"950","0","4","0","5","10.91","false","1983-09-03 09:42:09"
"951","1","2","3","6","55.05","false","1990-11-01 17:10:30"
"952","2","3","4","9","493.35","false","1980-07-02 12:09:38"
"953","1","0","0","9","88.05","false","1994-10-12 08:54:12"
"954","4","3","3","0","500.25","false","1994-04-19 21:38:43"
"955","4","3","3","9","290.76","false","1987-03-29 20:04:40"
"956","4","4","0","2","325.22","false","2013-04-13 00:23:20"
"957","4","9","4","4","382.69","false","1979-06-23 09:28:04"
"958","4","0","2","9","222.38","false","1970-03-10 00:31:05"
"959","3","1","4","0","437.36","true","2021-04-18 23:55:13"
"960","4","6","4","5","157.12","false","2019-10-29 20:33:31"
"961","3","2","4","5","372.48","true","1970-07-19 07:35:35"
"962","0","0","4","1","257.89","false","1998-03-20 10:56:44"
"963","2","6","1","5","174.42","false","1979-12-31 00:55:46"
"964","2","2","0","10","130.43","false","1989-03-03 05:13:39"
"965","1","3","4","3","202.28","true","1988-04-24 11:36:11"
"966","3","6","1","4","408.36","true","1973-03-20 13:09:34"
"967","0","1","2","7","170.84","true","2013-05-14 07:46:23"
"968","0","2","1","3","481.62","true","1992-09-10 10:25:54"
"969","0","0","2","6","251.59","false","2021-01-01 19:13:04"
"970","2","4","4","2","94.11","true","1997-06-13 03:50:43"
"971","2","0","4","8","303.90","false","1981-04-30 16:51:12"
"972","3","3","1","5","191.35","false","1981-11-22 22:18:35"
"973","2","1","0","6","149.99","false","1993-01-22 00:21:11"
"974","3","6","0","2","343.08","true","2001-02-20 05:19:28"
"975","1","4","2","2","387.34","true","1970-07-08 21:02:08"
"976","2","3","2","10","338.96","false","1992-05-23 03:16:46"
"977","1","6","0","0","296.37","true","1999-12-18 03:32:50"
"978","3","9","0","1","457.55","false","1972-05-26 18:25:13"
"979","3","6","3","9","115.35","true","2002-07-16 07:51:01"
"980","3","0","2","7","357.53","false","2002-03-13 05:15:14"
"981","3","2","4","1","474.39","true","1977-03-29 13:52:56"
"982","0","1","3","10","225.08","false","1971-07-17 23:42:08"
"983","4","1","1","8","392.84","false","2016-06-24 22:08:15"
"984","2","1","2","6","80.31","false","1981-07-12 12:08:37"
"985","0","2","1","5","233.12","true","1972-07-17 18:49:11"
"986","0","2","2","9","415.35","true","2015-05-27 05:50:25"
"987","1","3","3","4","364.71","true","2013-01-20 15:29:56"
"988","3","4","0","4","152.47","false","1990-02-06 17:08:25"
"989","0","3","1","3","148.60","true","1971-03-25 08:55:20"
"990","0","0","2","0","216.18","false","1977-01-03 05:47:43"
"991","0","9","2","6","239.39","true","1987-04-24 20:22:22"
"992","2","2","3","9","215.74","false","2002-11-01 00:52:06"
"993","3","1","1","2","341.58","false","1976-08-18 22:59:41"
"994","4","1","1","4","128.99","false","1977-03-21 16:36:05"
"995","2","0","0","8","100.08","false","1973-01-22 22:11:00"
"996","2","4","3","4","218.15","true","2016-08-01 11:21:04"
"997","1","1","4","0","160.23","true","1970-01-29 14:02:14"
"998","1","0","0","4","452.63","true","1983-05-17 14:32:39"
"999","4","2","3","8","81.98","true","2017-04-02 21:23:37"
